path,year,round,problem_no,title,status,comment,updated_at
2023년 3회/01.md,2023,3,1,문제 01,0,아직 풀이하지 않음,2026-10-07
2023년 3회/02.md,2023,3,2,문제 02,0,아직 풀이하지 않음,2026-10-07
2023년 3회/03.md,2023,3,3,문제 03,0,아직 풀이하지 않음,2026-10-07
2023년 3회/04.md,2023,3,4,문제 04,0,아직 풀이하지 않음,2026-10-07
2023년 3회/05.md,2023,3,5,문제 05,0,아직 풀이하지 않음,2026-10-07
2023년 3회/06.md,2023,3,6,문제 06,0,아직 풀이하지 않음,2026-10-07
2023년 3회/07.md,2023,3,7,문제 07,0,아직 풀이하지 않음,2026-10-07
2023년 3회/08.md,2023,3,8,문제 08,0,아직 풀이하지 않음,2026-10-07
2023년 3회/09.md,2023,3,9,문제 09,0,아직 풀이하지 않음,2026-10-07
2023년 3회/10.md,2023,3,10,문제 10,0,아직 풀이하지 않음,2026-10-07
2023년 3회/11.md,2023,3,11,문제 11,0,아직 풀이하지 않음,2026-10-07
2023년 3회/12.md,2023,3,12,문제 12,0,아직 풀이하지 않음,2026-10-07
2023년 3회/13.md,2023,3,13,문제 13,0,아직 풀이하지 않음,2026-10-07
2023년 3회/14.md,2023,3,14,문제 14,0,아직 풀이하지 않음,2026-10-07
2023년 3회/15.md,2023,3,15,문제 15,0,아직 풀이하지 않음,2026-10-07
2023년 3회/16.md,2023,3,16,문제 16,0,아직 풀이하지 않음,2026-10-07
2023년 3회/17.md,2023,3,17,문제 17,0,아직 풀이하지 않음,2026-10-07
2023년 3회/18.md,2023,3,18,문제 18,0,아직 풀이하지 않음,2026-10-07
2023년 3회/19.md,2023,3,19,문제 19,0,아직 풀이하지 않음,2026-10-07
2023년 3회/20.md,2023,3,20,문제 20,0,아직 풀이하지 않음,2026-10-07
